song_name,artists,year,spotify_id
Saudade Vem Correndo,Stan Getz and Luiz Bonfá,1963.0,3QxAadrRx8aSEVd6Qzr8KF
Diana in the Autumn Wind,Gap Mangione,1968.0,2yONEvu95BwhLRS3oSyBsB
Dreamflower,Tarika Blue,1976.0,4iyH37AHAkYK1MVhveeqcm
Open Your Eyes,Bobby Caldwell,1980.0,5TA4he79xD3fpvy0sidiOV
All I Do Is Think of You,The Jackson 5,1975.0,5GoheMjTcV8xbbUUWchvjl
Swahililand,Ahmad Jamal,1974.0,7qwuryqoBBEH56d3iEhIBO
Don't Say Goodnight (It's Time for Love) (Parts 1 & 2),The Isley Brothers,1980.0,6DVOThiin61bmeIwf6fzGx
Footsteps in the Dark,The Isley Brothers,1977.0,1tL5a9jowsWMtn3wkFYsG9
The Worst Band in the World,10cc,1974.0,0orDEh9TN4jkgnDIXJkXnN
Think (About It),Lyn Collins,1972.0,1kG2PZ8geznbDA8I6iWeDi
Theme From Midnight Express,Giorgio Moroder,1978.0,3CgonfeyRh23O9F4aKiIbW
Clair De Lune,Isao Tomita,1974.0,7cwPQGHgob1v9pek8WnQRx
To You With Love,The Moments,1971.0,7uVAH8sYi1u27FcB5m5sd1
Shine on Straight Arrow,Cris Williamson,1971.0,1Ttf7o5eQj9kepWRZpo8nG
You're Gonna Need Me,Dionne Warwick,1973.0,5ezYm2LkW25YhkkTp7bC9u
E=MC²,Giorgio Moroder,1979.0,0oks4FnzhNp5QPTZtoet7c
Blue in Green,Miles Davis,1959.0,0aWMVrwxPNYkKmFthzmpRi
Django,Dorothy Ashby,1962.0,3YT2vdLbvfcjfCiNR4DsKT
Love Ballad,L.T.D.,1976.0,3iCbTmcXnKlRZCdaYOukxq
Lightworks,Raymond Scott,2000.0,3AygMhKDtZyzN8Ch0tcy3L
I Can't Stand (To See You Cry),The Escorts,1974.0,28PZ40We0pLpkqfeGn2NPw
Inside My Love,Minnie Riperton,1975.0,1HdNTlZrGTlgxDn31GB6Sv
Clair,The Singers Unlimited,1974.0,1iXJKuzDH0E6PnTk2lQXAq
UFO,ESG,1981.0,1LGvDKbk0qLtwXzyljS9H5
Golden Apples - Part II,Galt MacDermot,1971.0,4upHDP3nzfFYotgyBAeOTF
"Johnny, Don't Do It",10cc,1973.0,1Fem9jSJEleNWT1kgt70ST
"I Don't Want to Leave You, I Just Came to Say Good-Bye",Shawn Phillips,1977.0,6c7L3B3v77NCu5y1eYysD1
Sweet Stuff,Sylvia Robinson,1976.0,3rCrodlu30PI74r9bqi8ZW
Will O' the Wisp,Steve Howe,1975.0,1bHk7YGS7eoFo0ZvXqPitP
Phantom of the Synths,J Dilla,2005.0,6YbfTiImEm6kH6gRXpdtgR
The Look of Love,Barney Kessel,1969.0,5r4CoRPXq8RGmrlVNzNJq5
Maybe It's Love This Time,The Stylistics,1980.0,0Rw4aFSwMEhtVLzmy2xr5v
To the Other Man,Luther Ingram,1972.0,1I3xgRAsHGDMaRHsawyN45
Come Running to Me,Herbie Hancock,1977.0,3UvkoYw8FicuTMDPlkv0IB
Family Tree,Tin Tin,1970.0,5l79pLYX6NwTa6FiT8Eoyo
Scrabble,Rene Costy & His Orchestra,1972.0,57D5wx2wA0elP1zuWkBlJa
Only One Can Win,The Sylvers,1972.0,4BLqx84IpussVxrUGOMLOX
Groovin' High,Dizzy Gillespie,1949.0,4ttUzFCVnlOmopuzM4oEUJ
El Arriero (El Pampero Live Version),Gato Barbieri,1972.0,4fnZciCjxRG0hDKNHfR6Zi
Rubber Band,The Trammps,1972.0,13Mzsb8VzRSZ5w3pM48cn6
Just Because I Really Love You,Jerry Butler,1968.0,0rLKAokRZwKWSiu06eSZiy
Black Is the Color,Joe Sample,1993.0,70DaOMWmGdBGAuBVqL5I7P
Wait for Me (Live),Daryl Hall & John Oates,1983.0,3wiM6jj066wDeNaCnxKsRk
Morning Order,Hugh Hopper and Alan Gowen,1980.0,5a4MgIUSf9K8wXLSm6xPEx
É Isso Aí,Baden Powell,1971.0,0XzYqo3Q7mS8nF8OD3teoY
My People...Hold On,Eddie Kendricks,1972.0,5zKAlrdrdEkBkylhwT3cqH
Stuffed Aubergine,Vangelis,1971.0,36qn2bFfZzUwM6eIv2XOc9
I Don't Really Care,L. V. Johnson,1981.0,3NXZvTvYkp7ZE7A2vHOXlF
"Share What You Got, Keep What You Need",The Modulations,1975.0,6VZRuXs9ubfs9shrXcOV1Z
Sing Me Softly of the Blues,Gary Burton,1967.0,0CMO8upTEJuBGtlEpBv0zL
Vulcan Mind Probe,George Duke,1982.0,7kuo8SpSGkn7f3ISWdGcr0
For Once in My Life (Live),Stevie Wonder,1969.0,4kP69y3GKHi9tXckfgp4bK
When I Die,Motherlode,1969.0,2h7A00Xc3UHDyGSLpKnBxa
Life,Funky Cowboys,1997.0,5YIF6HSOtHN9HdcE5IPzMe
Speak Your Mind,Kevin Moore,1980.0,6zozkHIrxeMJDExQ83WUYb
The Colorado Trail,Dave Grusin,1976.0,1PgOvjozYVZ03qBJDwuyhd
Tama,Tonto's Expanding Head Band,1971.0,5zJvuQbOLLAJ1oaa3UI51o
Much Better Off,Smokey Robinson and The Miracles,1968.0,42V7F468ieBbxKwaxBlpls
A Legend in Its Own Time,Smokey Robinson and The Miracles,1969.0,7LyjOVrLQVCNk2CIZmAJJb
Cum on Feel the Noize,Neil Innes & Son,1980.0,6FBmHx1FuaSnTnnnaThgbF
Genius of Love,Tom Tom Club,1981.0,6UBQONiLH8kNmmB8UrV2Ef
Ain't Got Time,Roy Ayers Ubiquity,1971.0,66BTx0xlzyEVhYSbWv4VW3
Air Born,Camel,1976.0,2k1NQW6ddGacCthIy9gmTa
Le Bracelet,Alain Goraguer,1973.0,04uauFxLrz9VTsqQpsGKMa
Trouble,Brenton Wood,1967.0,5Bqy1zVxYrmr9eZVUeb3OC
God Is Love,Marvin Gaye,1970.0,0osLiChas8MULX2V1Ak6Ji
Maimoun,Stanley Cowell Trio,1973.0,1RaQG7aC2BxG4SP1UiX2Kt
Afro Blue,Dee Dee Bridgewater,1974.0,2eAobEDmJeH1ypY6X3Dstl
You Are Just a Living Doll,J.J. Barnes,1973.0,0DElF1k1KEGkRcMtQcHOYH
The Stars Are Out Tonight,Starcastle,1978.0,71V89tJj9CboDyzncO6ZN2
Daylight,RAMP,1977.0,2B2MpyO86cVAVjNyBDhXYc
Come and Play in the Milky Night,Stereolab,1999.0,5Aon86qtmerQqXTYyEx9Vh
Soul Love,David Bowie,1972.0,1bo6xzrCrK7ocEirC5rrZk
Sunset in Golden Horn,Les Mogol,1972.0,3fkoZm1DZEfsyAx1Z87bKR
Lamento Di Tristan / La Rotta,John Renbourn,1970.0,1ji33FsoYKyTHOA1xH3pzz
Radio (Times Square),"Gary Burton, Steve Swallow, Roy Haynes and Tiger Okoshi",1978.0,06USyjxn8KN0NJf47KRf1y
Maybe,The Three Degrees,1970.0,02srSkeu2pzybuVr2B9TJm
Windy C,100% Pure Poison,1974.0,5WNheu2jm9ynRLKroSyqEo
Early Morning Clown,Nektar,1974.0,2pi2DE5vQg1ia7wO4rKbhb
"Holding You, Loving You",Don Blackman,1982.0,5Jgj5Yo5deJ2RPlixBm88u
"A Very Smelly, Grubby Little Oik",Caravan,1976.0,2Xtsv7BUMrNodQWH2JPOc0
Give It to Me Baby,Rick James,1981.0,13v3siPyvy5TTEZYmGPPse
What Makes You Happy,KC & the Sunshine Band,1975.0,37d8O4cIq36tssCoJnhJxg
Fruitman,Kool & the Gang,1974.0,3K7Q9PHUWPTaknlbFPThn2
Opus Pocus,Jaco Pastorius,1976.0,1hk6KMDQwGWsdy08PYotmM
See You Later,Flip Nunez,1976.0,7FKkswFflI5Txc3Y4gH0IB
For the Love of You (Part 1 & 2),The Isley Brothers,1975.0,7teF2kwC3GL00mQfwtxzo9
The Advent of Panurge,Gentle Giant,1972.0,7BCG8qrwGFsTMT3R4AhF10
We Must Be in Love,The Impressions,1969.0,1ZgP9d8OaiBCUQKOrvbAsH
Toccata and Fugue in D Minor,Mike Hankinson,1972.0,5cYyCE4b3T5TdQ3sGg8CYc
Take Me to the Mardi Gras,Bob James,1975.0,6i5U5NyCknF93w4BilFity
Baby,J Dilla feat. Madlib and Guilty Simpson,2006.0,0wotldYXx2K5HH0CwhzYrX
Light My Fire,Africa,1968.0,5EWMey6EWacf5tu8X2JOeQ
Two Lovers History,Mary Wells,1968.0,00CmjeeHvAVKvx3tcIiZTy
Via Beato Angelico,Perigeo,1974.0,6JEevQAcV4n1uhhZTxp7Zs
Watermelon Man,Herbie Hancock,1973.0,2zQl59dZMzwhrmeSBEgiXY
Nautilus,Bob James,1974.0,2emP5oaNH6cwFsugIPqVau
Dance Girl,The Rimshots,1975.0,7cvkXf3AwPGT041PyOi5VX
I Thought It Was You,Herbie Hancock,1977.0,0taRW8bPp2xW6ewm6PDMTZ
Extra Dry,Thomas Bangalter,1998.0,2eE7XVOlLtl3ZnZd6wuGOJ
Moonshine Rider,Lucifer's Friend,1976.0,4qbH44CRMceb1NjGXoO5Po
Dancing Machine,The Jackson 5,1973.0,0xqb2Euq1PAxKHBA36NUnx
(I Know) I'm Losing You,The Undisputed Truth,1975.0,1by5g6VtXu7GU8Lteg5KUs
First Light of the Morning,Dexter Wansel,1977.0,2v5ipbPg5O86hyp9SSaHb2
You Can't Take It When You Go,Dave Mason,1974.0,7qpuECko60EoztznowMWj1
Kisses Sweeter Than Wine,Robert DeCormier Singers,1967.0,5xrTplmrJaHuFRrXXpgYv5
Once It Was Alright Now (Farmer Joe),Laura Nyro,1968.0,5rCdQrwqLE30EmRNAwsyhU
You've Got the Love I Need,Smokey Robinson and The Miracles,1970.0,7ifcJ5DDytGf8aITxmgsLN
Walk on By,The Undisputed Truth,1973.0,1X9m2vctL8evJnZhCqEbUg
You Just Can't Win (By Making the Same Mistake),Gene Chandler and Jerry Butler,1970.0,6Hy22YDN9HJMRlJP1LwnJy
It Was a Very Good Year,Craig Hundley Trio,1968.0,2ID3rNM3hFBjqrLcV0Wr0y
Bicentennial Present,Peter Baumann,1976.0,3PMQJBG74UpBYYtW0vwWvb
A Time for Us,Joe Pass,1969.0,5ALMF4Z6a9VUl66LHVHjBl
The Awakening,Ahmad Jamal Trio,1970.0,4QC4XLTPHiSdexDsKO5Vi7
Evening Star,Yutaka Yokokura,1978.0,4azoV50K4s4eBkGRHSVWYV
I Think I'll Catch a Bus (And Go Back Home),The Gainsborough Gallery,1969.0,6yOxL1xfPkv9Z9zvpNrMDU
Whatcha Gonna Wear Tomorrow,Detroit Emeralds,1973.0,6UBvhlms1M16oUYZkEfqpy
Papa Was Too,Joe Tex,1966.0,1whTvmjrBnzDBmyMpLzlqk
Make the Move,Kenny Loggins,1980.0,4z9HYZuOA4hxGkqsaTj59n
Indiana,Zoot Sims and Bucky Pizzarelli feat. Buddy Rich,1974.0,6OB0RIqwXwXBFpi3Qn1ndS
Wax & Wane,Dorothy Ashby,1970.0,3maOEqyMVU4V9m1lx1zN6H
Eleanor Rigby,Four Tops,1969.0,6q8NBpF6twALMb86FBpLgQ
They Reminisce Over You (T.R.O.Y.),Pete Rock & C.L. Smooth,1992.0,2Mb3zpobD0CvJGWv6NpsPy
A Tribute to Wes,Little Beaver,1974.0,3DOdGoUBGnD8FUQDqCbLrY
Invitation,The Four Freshmen,1959.0,21jEuMn2lf37715rwjow2M
Jonz in My Bonz,D'Angelo,1995.0,7114JMdpaHhNEOlIY0Ljze
Shoe Salesman,Alice Cooper,1970.0,5XcZRgJv3zMhTqCyESjQrF
Plain Truth,Gentle Giant,1971.0,3nn6UD1JIeLe7KmK5cv6rd
Does Anybody Know I'm Here,The Dells,1969.0,5O5AwtNW8jjhTfM98LmuG1
Nothing's the Same,Banco Del Mutuo Soccorso,1975.0,3vSLSOhE8HWBC2WiN0j0hD
Sweet Misery,Martha Reeves,1974.0,2fiu7gHgMvJbwdAhXro5rb
Long Red,Mountain,1972.0,6OXCZPDdCCKN759Y2Aa26Y
Animosity,Fred Weinberg,1968.0,39v0PIZDBGdEbcfbYE2TCj
Moments in Love,Art of Noise,1983.0,2bsczk82MWGPmTbe6IWYsa
One Way Ticket (To the Blues),Barry Blue,1974.0,0meAc2H0tC5tOTd6MDe0cI
Dernier Domicile Connu,François de Roubaix,1970.0,54lPGCMFPBDjRBWDjNRdHR
It's a Man's Man's Man's World,James Brown,1966.0,3SQ9Hb9rfpJ02AWfaOPhpy
Nothing Seems Impossible,The Emotions,1972.0,7Jj5TwiYDVXPTAHlpS5TiF
Fly Me to the Moon,Vince Guaraldi Trio,1989.0,7FXj7Qg3YorUxdrzvrcY25
Time: The Donut of the Heart,J Dilla,2006.0,6ywnTBL62OTd8HUaztJizb
They're Off to Find the Wozard,The Wozard of Iz,1968.0,3cT2knV4AvpBPGUmYxIonh
Whole Lotta Love,Led Zeppelin,1969.0,0hCB0YR03f6AmQaHbwWDe8
Verses From the Abstract,A Tribe Called Quest,1991.0,6zrsmzrMoxNkXEQLubCWtA
Middle of the Night,Lalo Schifrin,1979.0,3riHHRLTFgNfegt7fzdm8i
Herman Wright,Larry Coryell,1969.0,3uIfRksE9UPDXaKdPs3IXS
Diamond Girl,Seals & Crofts,1973.0,7CQQBWqFfROA5RWyY04ifv
Pain,Ohio Players,1971.0,01NsJ6eZGuF0dWVtGtFYh3
Moonchild,King Crimson,1969.0,32GKpDMBMNQI3FdXlFFsMD
King Heroin,James Brown,1972.0,0zu7GG2nftctpGY7WAYfhW
Aquarius/Let the Sunshine In,The Moog Machine,1969.0,0jEd8otuJyoFGojLtOmzl0
A Treatise on Cosmic Fire: Intro - Prana,Todd Rundgren,1975.0,0QtrSCEezodsQ7pHXsIvc8
Rock On,David Essex,1973.0,0uPIwcT6OdJ5BAJdYkxVp9
I'm Hooked on You,Al Green,1974.0,10vkYRKw6Jjr7try1ir50G
Talybont,Gentle Giant,1975.0,3KUzngWbwJ5a38toqxM1HY
Can't You See It's Me,Diana Ross and The Supremes,1969.0,79Yk6AlSKi5dxDFINID2hS
Turn Off the Lights,Larry Young,1975.0,4ptnQ0kQnN1U1Ig8TSslj6
Yesterday,Gladys Knight & the Pips,1968.0,3QgSJ9CqgLPk9B4xLdwLrS
Catherine of Aragon,Rick Wakeman,1973.0,3bFue3Ib0IsxhkvM7BsIiS
Gimme Little Sign,Brenton Wood,1967.0,1h4XVjt26ZCDKmeEoHxT07
Run Through the Jungle,Creedence Clearwater Revival,1970.0,5VfgDw3oOzcNoszDwkLQhH
Cidade Vazia,Milton Banana Trio,1966.0,6IY2P99JNJXMYEPCEUoXRy
The Smile,David Axelrod,1968.0,5T5MLNxEg0h6lGWRetSZPV
Daquilo Que Eu Sei,Joe Pass,1985.0,0cNc2tivyPqzgp13BSM7St
Summer in the City,The Lovin' Spoonful,1966.0,7AzFID6u1b3zIWbd9pb8Dk
San Juan Sunset,Deodato,1978.0,0Pq0mOdgFXTezl6mMt8a39
Remind Me,Patrice Rushen,1982.0,4nFtNdjJtuRXmThiJo7Z5t
Are You All the Things,Bill Evans and Eddie Gomez,1974.0,3KHadZNkrxLXgR8ji3cScB
Daphnis Et Chloé: Suite No. 2,Isao Tomita,1979.0,1xbCmCTvzd6nhbTJIg5pFu
Cars,Gary Numan,1979.0,4QQEzkxcONBthDLfzqIh9S
Track 09,J Dilla,2005.0,4S6Bo2c9FzVaq0vdqqLqgU
Ponteio,Sérgio Mendes,1968.0,0999z9YuguBAfivqf4PpDX
Funky Drummer,James Brown,1970.0,0VbpqlboEkGQ7Pu6juJljZ
Psyché Rock,Pierre Henry and Michel Colombier,1967.0,1SeFJKXiXP8o374gDUylL9
Alpha,Vangelis,1975.0,1qkp9OvCk8FjeDdEd2bKQ6
Don't Stop What You're Doin',Alicia Myers,1981.0,3BgU91zcmjGqjk3GciEh5b
Eleanor Rigby,Wendy Carlos,1975.0,6EOKwO6WaLal58MSsi6U4W
Sexy Mama,The Moments,1973.0,5ChVinzHHiPyUAbQhB4w3g
T.T.T. (Twelve Tone Tune),Bill Evans,1971.0,1cpANF6zMBoFoxkoIjZHjv
Risin' to the Top,Keni Burke,1982.0,5iVxHPyHVO7vWSDnRpNH5d
You Make Me Feel Like Dancing,Leo Sayer,1976.0,6gTrbqZnyljwXdYQTyBkSx
Escape (I Need a Break),Whodini,1984.0,2n3GMJ9jj7MU1Lw7QAhJm7
One for Ghost,J Dilla,2006.0,08BY6BAxMOZ76RKIcupvXR
Introduction,"Bel-Sha-Zaar, Tommy Genapopoluis and The Grecian Knights",1969.0,2Rlso2ZNV0PaWwUYeeBYxx
Pictures of Matchstick Men,Status Quo,1968.0,0MRs5O62wfDgf5cQKalrPq
Procession,The Moody Blues,1971.0,6L5BZEcZmD6RBJnimzlyKr
Make Love,The Travel Agency,1968.0,3zo93Swpm7wIkLJEFc1DIL
Movement 1 (Soil Festivities),Vangelis,1984.0,2OIcJNXh2RKY9i13XN7d11
Wring Out the Ground (Loosely Now),Egg,1974.0,7cxcMgTHKSZ25C0q1i50Dk
It's About Time,H. P. Lovecraft,1968.0,3aabBAjWkJZhD8Y8zfzTF2
Take Me,Fabulous Souls,1971.0,7LyBijjHIOoO8CSxVwVRKM
Canto De Ossanha,Dorothy Ashby,1969.0,4yCohBrqXj0iFdeuQK7AkO
Annabelle Clark,The Cake,1968.0,0gPpxPmn0Cr0pKeeuyahZX
Asiko (In a Silent Mix),Tony Allen,1999.0,6VJxaWAaMSKZsZNtZxpVan
Occapella,Ringo Starr,1974.0,1hxbW2aQxmFSChaFeOeD5K
"Three Dances From ""Nutcracker Suite""",Walter Carlos,1975.0,0CJuLeZpCdqrqoCMXWZw8k
Dead,Cresa Watson,1970.0,1AmuWlitn88JeMvIVbT4Jg
Look of Love,Ray 'Funky Trumpet' Davies,1967.0,6HvUtPLqkP0t6zd6YNdWby
Lady Ostrich,Pookah,1969.0,5wTuwHjZ7bbaAkf2vqFS37
Let the Sunshine In,Mort Garson,1969.0,5G7eMQn03ikTyrIM7PWL7t
Rain Dances,Camel,1977.0,20ItjRPMSnOXezouvde0k9
Problems,Lee Fields,2002.0,1emxi7e5EWFsJmwSKTuUDH
The Wisdom of Time,The Supremes,1972.0,06A4NOCfI6WyixbKbxg4LW
Why Is That?,Boogie Down Productions,1989.0,7IsDxjibIjtXXZKQH0Zxud
Let the Dollar Circulate,Billy Paul,1975.0,3ihmJ6AKx2BC6vWhx25eaH
Chillin' Out,The Fatback Band,1980.0,0EdED1sDvu0BH6HEirMClE
Cosmic Mind Affair,Acqua Fragile,1974.0,6y0Etr2KJr0sdcEp7ajoUK
"Make It Fast, Make It Slow",ROB,1978.0,2pjldV28AOlRL9QOZxdFu5
My Baby Must Be a Magician,The Marvelettes,1968.0,1CmylxKewaz3wVVgYcPzmb
"Heartbreaker (Part I, Part II)",Zapp,1983.0,487lDz6QPxnAgrVTpykRHb
Cold Blooded,Rick James,1983.0,7LHfhusSfulgzuiMg7e3Cz
Hold Tight,Change,1981.0,3HmU74RIPV2LgkjJUeU7Cd
Michelle,The Singers Unlimited,1972.0,7ijbbG90SkjSKO9oZ0N8vR
The Clapper,Joseph Enterprises,1984.0,00lemnC7rWUV2tOCnPegvU
Comin' From All Ends,The New Birth,1974.0,494DXMQIWCdr4qUdO88wRL
You Call It Madness,Clare Fischer,1970.0,2RZxw2tD8VenO9k5vawirO
Five to One,The Doors,1968.0,5FlBGGwGuqYmqr0qeBWrxe
Why Is Now,Les McCann,1975.0,2RExPsuk58t5LFadfzcZ6k
The Rainmaker,The 5th Dimension,1971.0,0HZlND4giwzgolBpaNIRGV
Spirit of Summer,Deodato,1972.0,4IaalxlQr40ydpKxEFg8sm
Eric B. Is President,Eric B. & Rakim,1987.0,3a8r3EYOFZB7cT1OkK4zXF
Dream Suite,Dreams,1970.0,3RznzRnsl8mzP63l4AF2M7
Stay With Me,Gary Davis,1982.0,2WYs5LxOZfEyURXu7V0O1a
Clover,"Earth, Wind & Fire",1973.0,5ytPMYb6dkoli8sNSEsdmZ
Kazooed on Classics,Temple City Kazoo Orchestra,1982.0,4vUFscDzST4yiAu5F8rbuW
Bacharach-David Medley,Carpenters,1971.0,5GZTkT6Oe7Ub2Nh4X9eQDc
Glowin',The Rationals,1969.0,4DaShac4Lp2LdpNZfKHZ9K
Me and the Gang,Bohannon,1978.0,0wrWxW18WK2MkrfDpRHkyh
Necronomania,Manfred Hübler and Siegfried Schwab,1971.0,0AoBVHrn422YM52l4TAS0P
Eldorado,Electric Light Orchestra,1974.0,2hdqQznTXT1M96p0v64ABI
Quiet Lady,Thad Jones and Mel Lewis,1974.0,6TkAWagMMPHBooHfZJRNLA
Affolements Grantiques,The Camarata Contemporary Chamber Group,1970.0,0XjjTnx1wO1ybEAjbX4qTd
Is This What Feeling Gets? (Dorothy's Theme),Diana Ross,1978.0,04WKUKU3DJSuefjv67ZiwV
You're the One for Me Bobby,The Marvelettes,1968.0,3s2inuLbQQZ7z1GJrdlQr6
Frantic Moment,Eddie Hazel,1977.0,4dTyaSoGAyvzvnCY5VDJjE
Maxine,Bill Evans,1978.0,3f9KhpRN6mMYoVnpuozgHD
Hold You Close,P'taah,2003.0,6mk4y7ds78IC01dVJTuq9n
Bettina,Bola Sete,1971.0,5Uh3QIc00mXWNQ059q1iwD
Handclapping Song,The Meters,1970.0,3COOd5xqfP3VUeTZtUKcvD
The Revolution,Joe Bonner,1988.0,4xm2HjtDAdCobewPoaImT7
I Get Around,2Pac feat. Shock G and Money-B,1993.0,4voEoczU7Ijborps9XF1n3
Deus Brasileiro,Jackie & Roy,1968.0,3yrIABy4sW4veVQYCjGRiM
Red Clay Live,Freddie Hubbard,1980.0,2JdllRPH6a8NCpt2bpxpns
One More Try,Billy Preston and Syreeta,1981.0,72PoJMDfdaw9gGECgA9kTZ
Cu Oonuh,Reggie Stepper,1993.0,5WtvWU8nY4S9SLMERRbzHy
Norwegian Wood,Gary Burton,1966.0,4Dg8h2SORZE3lvxMvpKs7L
Upper Egypt & Lower Egypt,Pharoah Sanders,1966.0,2gbnEaRAcPw30t7RHYczNd
The Great Pretender,Brian Eno,1974.0,2FkCjtQ1lYsf71s2FAS8hE
"On a Clear Day, You Can See Forever",Barney Kessel,1971.0,6uddYxVxC6qX5PSPzAylid
More Bounce to the Ounce,Zapp,1980.0,1LiwqqaafXkNQuWGW3HeId
The Affair,Brother to Brother,1974.0,2Qv7LbOFsvrxMpymWAA5fg
Jimbrowski,Jungle Brothers,1987.0,1xeIUjs1kAeTFO00YuZBOY
Healing Force,Don Pullen,1976.0,2AHQFMOrR13phXE9wImOM2
Silhouette,The L.A. Express,1976.0,2AQYukwFO6e5PZbXthkFu3
Oh No I Don't Believe It,The Fraternity of Man,1969.0,0U2TocFjqul3sis3sE5jZl
Sugar Me/ Standing in the Road,Klaus Wunderlich,1975.0,5wDuIDsCWKSROQY3JlDEuV
Light My Fire,Shirley Bassey,1970.0,2RxYGOHMSm6nc9q9xyLtYq
Funkin' for Jamaica (N.Y.),Tom Browne,1980.0,55xXj4qc4ByMxcVRb5Slc4
Wonderin',Roy Haynes,1979.0,2fxxIi9isEewbcaoqhksZf
The New Style,Beastie Boys,1986.0,0Mu1MYdE414HeybYSms5KK
Lightworks,J Dilla,2006.0,0TIItu69NmCbgvJUD0Zbnb
Searching,Roy Ayers Ubiquity,1976.0,5le4sn0iMcnKU56bdmNzso
The Windmills of Your Mind,Dorothy Ashby,1969.0,6no0N476tAU1oJM7fZiP5Y
Brazilian Skies,Bill Summers,1976.0,3bMc9oRaUWnojCrYTUXXcQ
Baroque-A-Nova,Mason Williams,1968.0,2ff6ILugtshFUiWIVu83B9
Space Talk,Asha Puthli,1976.0,4jTXmhMv91Fq0ivNQDzhPh
Edges of Illusion,John Surman,1979.0,3PZ0RoABbjIZhqvfFizOqa
Razor Blade,Little Royal & the Swingmasters,1972.0,62CupEWMuV8HBONjBTzhmz
Basketball Throwdown,The Cold Crush Brothers and The Fantastic Five,1983.0,6ZxrUCaynLgKSUudACOTwj
Much More,De La Soul feat. Yummy Bingham,2003.0,5zEP0MRnDe5qwL361xBz0B
God Gave Rock 'N' Roll to You,Argent,1973.0,7kkLBfxW41iVO0cdLU9e9S
The Moving Finger,Dorothy Ashby,1970.0,2CPFaD7XlLP1ahIhjrvR84
Ashley's Roachclip,The Soul Searchers,1974.0,5KTc1UNNv8HaVFSgRy4gbR
Malaguena,Martin Denny,1964.0,7cUERcVjFFRyADVPHv3BVs
"Yes, Yes, Yes",Bill Cosby,1976.0,1fTvDXpyCM0oZsBMr3N6Y2
Ecstasy,Ohio Players,1973.0,2uWtTxCyNwIngEd9qXBAvA
Sir Lancelot and the Black Knight,Rick Wakeman,1975.0,2iX5qp2InnOoYFzJQecabR
Nite and Day,Al B. Sure!,1988.0,3r0Rhl5Zdo9YjACZNsaBvN
Come Give Your Love to Me,Janet Jackson,1982.0,6IyzR0X4glFMP4KEjPKHm9
A Chunk of Sugar,Roger,1981.0,0N2roHDNPO5wQzdhRW4hne
A Message From the Inner City,The Crusaders,1972.0,1n8HIzFUOJ0nII0xka0fBs
Before the Dawn,Patrice Rushen,1975.0,3ZP4fTXsJ2DfLqR5xG4aR4
Paradise,Sade,1988.0,2KpjKWyj0TI0FmGgENEKr6
Do My Thing,Busta Rhymes,1996.0,6n2GPvMJtFZ4ckoc9EWHMx
Human Nature,Michael Jackson,1982.0,4cgjA7B4fJBHyB9Ya2bu0t
Drink,Dorothy Ashby,1970.0,1PoGWZbJPGmViVi7CYbDUK
Berimbau Carioca,The L.A. Four,1975.0,4wia0UJ0Irt6KD00jUFXq2
One Loving Night,Bob James,1977.0,2dg3KwUHPMn3n6haPT4pTw
Love at Last,Monty Norman,1963.0,4Hhv2vrOTy89HFRcjU3QOx
For the Love of Money,Disco Dub Band,1976.0,1Q4ieeGAQOfaE9FuuK2O7t
There Are No Words,Todd Rundgren,1970.0,10XplsthOjB4hde5KIimEM
Here We Go (Live at the Funhouse),Run-DMC,1985.0,6rs1Jt3bqNdPN01kQeAXX5
Boa Palavra,Sérgio Mendes,1968.0,6War35N56Qw5C2FWShdA3q
Heartbeat,War,1975.0,7FC9Lng8iXU081lbigu8m8
I Like the Way You Love Me,Brenton Wood,1967.0,0nNavzWSD6AUiQK2rLgbBx
When You Feel the Love,Rodney Jones,1981.0,1XfkneVjMAH5SgfO6KsDkB
King of the Beats,Mantronix,1988.0,3Miruku2Myz4Rb40y1XpI7
High Society,Special EFX,1985.0,0dzEsIpdf4DF0ei2WmeQYZ
Sequent C,Tangerine Dream,1974.0,2hRsN3reHuwyLaHq2S1z0Q
Folks,Miroslav Vitous,1976.0,02sUId0qMdZHGscosyeDQq
Sketches of Mythical Beasts,Synergy,1978.0,6X2N1J8FPjnSW1NLoGRTPP
Catch a Star,Men at Work,1981.0,3ZZq9396zv8pcn5GYVhxUi
Gobstopper,J Dilla,2006.0,39XY5TmM47I3WsO07knVZg
Never Too Much,Luther Vandross,1981.0,3nFJbZCHP4d9vduKjJLdBL
Then,Yes,1970.0,3skk6UIXV4kepq2bdYy97g
More Than Just a Joy,Aretha Franklin,1978.0,4yQw7FR9lcvL6RHtegbJBh
Life Goes On,Utopia,1980.0,2bSk87AVkCIIC3Bcligq1z
Lonely Man,Johnny Adams,1970.0,2NkY19YwDttHE4K5xM6mwp
Sweet Inspiration,"Diana Ross, The Supremes and The Temptations",1968.0,3Ec9T8CmpAI55M1HCyy1IT
Mask Movement IV,Vangelis,1985.0,2rXZPurSAIa0cc5d6Ezt3S
You Belong to Me,The Doobie Brothers,1977.0,1qrpoAMXodY6895hGKoUpA
Animal Planet,GZA,2002.0,5JAMS3p3wOHcVzKajhIy4D
Our Delights,Bill Evans,1956.0,37vEa9sfgAqEZuqX8AX0Zk
Mental Door,Klaus Schulze,1975.0,2McDV0nVZ1FcC8ZfwWI6zj
Front Street,1st Down,1995.0,0H58Pw0kT7fNadPdUmipyr
Do the Funky Penguin,Rufus Thomas,1971.0,0PxsrYl9gj445HDcF58unk
Meadow of Infinity Part 1,Peter Baumann,1976.0,02C6UlOJSBbMUuSRWhHHh2
Katalin,Special EFX,1984.0,2x2crcqmFd0q3o0apXqpgl
Last Donut of the Night,J Dilla,2006.0,2zdg5ICoK5WGKCpX1LAdOf
Bad Boy for Life,"P. Diddy, Black Rob and Mark Curry",2001.0,2eOuL8KesslTLQERQPu11D
M3000 (Opus VI),Mandré,1979.0,2aDdlDnP6Xd3vLb09yvQVq
Doowutchyalike,Digital Underground,1989.0,6J8QSbWiJOlVrRCLMTid7F
Cybersports,Synergy,1976.0,6jqvbCajA0NIkVADIFnNrT
Effi,Max Roach,1968.0,3HqkZQP8zPRathO94XQLCC
Peaceful Sundown,Jan Hammer Group,1977.0,0xfOvIRVN08EgN2wB0LyWY
Where or When,Cal Tjader,1964.0,2AFLjcssAvJq62eeHZ0Q4q
Hey Hey Hey Heyyyy,J Dilla,2005.0,0Vg1lQpk2IHk2JU8UfAa5d
Trashy,Jay Dee,2003.0,5ygDxewCaJXQejvYG58qHe
San Lorenzo,Pat Metheny Group,1978.0,6Cnq3giYBnvFrhl2DG8p8J
The Confessions of Dr. Dream - Part Four: Dr. Dream Theme,Kevin Ayers,1974.0,5HUFcB9PHfVcvXF44u98SI
Sienna: Waiting for the Moment,Stanley Cowell,1977.0,3Cx9j78Z0NE6jYwBWvvV3P
Anti-American Graffiti,J Dilla,2006.0,2mE1fmoHkbAqPAzx79nE9C
You're the One for Me,Barney Kessel,1971.0,0B9x2BRHqj3Qer7biM3pU3
Nobody Home,Kansas,1977.0,76kAMRUS516qXOztvlN18z
Little Child Runnin Wild,Curtis Mayfield,1972.0,24Mx7vklBWuqFjsHMO8ofZ
Purple (A Tribe Called Quest Edit),Crustation,1997.0,0VGdOE6W9O8D4RoVhO1vb9
She Wandered Through the Garden Fence,Procol Harum,1967.0,7L46et7T4ogH7wTLnhS5X6
Audio Bongo,Monty Norman,1963.0,5WIQTUDLCEY1g1lmOWvDB4
Davito (Live),Cal Tjader,1972.0,51WdRcA70xRtWlddbXkicp
Put Your Love (In My Tender Care),The Fatback Band,1975.0,2nGFzvICaeEWjIrBrL2RAx
The Coming (Intro),Busta Rhymes,1996.0,4M8SdMmrvx001Au6aZFchJ
Love Poem,Tom Scott and The L.A. Express,1975.0,0k2JlssoN3Op7Kqb2BLjDG
Kolumbo,Dick Hyman,1969.0,1938FeAi8kI7w9TpbgQWgP
Serengeti Walk (Slippin' in the Back Door),Dave Grusin,1982.0,4MYLxsPSPWgGq3Xr85jWGT
Armin,Curved Air,1973.0,2ebjV8EMIxCJ9Zm2I27MFM
So Sure,Cheri,1983.0,2aEuA8PSqLa17Y4hKPj5rr
Down to the Moon & Moon Dance,Andreas Vollenweider,1986.0,0dvUaT7o2Nkhh0yyrcbmTI
Ill Vibe,Busta Rhymes feat. Q-Tip,1996.0,22XFWYPabTnoWvfultCjuK
Café / Sapain / Dança Solitária No. 2 / Baião Malandro,Egberto Gismonti,1978.0,53gVEYkMZoJct1Ptbwn5wm
Make It Funky,James Brown,1971.0,3pNfCtcbhWwa6TouKcMTGp
Just Kickin' It,Xscape,1993.0,2CG9mGkKC6IQE5lEjDioEi
Night and Day,Joe Pass,1974.0,6BH7yXu2TGulH6Gdn6zJSI
Phire,Charles Earland,1976.0,7GAKkO3EXsJZvsG1racYMa
Story Book,The Alan Bown,1968.0,4fqoW7HOkusXo6NI6c2giG
Luv Connection,Towa Tei feat. Joi Cardwell and Vivian Sessoms,1995.0,5dHWEjMKw0buIaTfiJjgZ2
Gonna Fly Now (Theme From Rocky),Bill Conti,1976.0,5dulYd9AKIprMoF837OTDb
Frevo (1979 Version),Egberto Gismonti,1979.0,6ezO3mZt2abCmTV55W1hLT
Rock Medley,The Town Criers,1970.0,7yiOte1eSM0npbr8sEIuzs
I Never Told You,Quincy Jones,1969.0,4KBaW9QLYxw1n2QK7wsmz0
And That's Saying a Lot,Christine Perfect,1970.0,6TrgkS1CCRs0RKJ3UGG5LZ
Blow Your Mind (Part 1 & 2),Jamiroquai,1993.0,5rzmEiv5KA1OskLzcqRDFK
The Watcher,Rodney Franklin,1980.0,2kWtnap841Grd8HDbFcGjw
Mind Power,James Brown,1973.0,3mIZljTgYhz71DrGSlL9fD
Steppin' It Up,A Tribe Called Quest feat. Busta Rhymes and Redman,1998.0,0OhHqIEtDur5NeMooGOs81
Strawberry Letter 23,Phil Upchurch,1978.0,43tJXGf4SZeBDyi2JnsoYf
Hydrant Game (Jaylib Remix),Quasimoto,2006.0,1ufWVlnuj6BezMxQaJ20GV
Earthquake Shake,The Undisputed Truth,1975.0,5QjsMqji3rkNfdLWsclFpz
Rap Phenomena,Yellow Magic Orchestra,1981.0,4m9Iudipxb9gpGNLG2LoQs
In the Air Tonight (Ben Liebrand Extended Version),Phil Collins,1988.0,18AXbzPzBS8Y3AkgSxzJPb
Flute Thing,The Blues Project,1966.0,5Hbd5ZazhinrRP6mS5XaR1
Fantasy,Aquarian Dream,1978.0,0XVz2TRpjd99IzI9Etu5Cp
Just Chillin' Out,Bernard Wright,1981.0,1ESgUlVVvucBkaLWMMoLIB
One Note Samba / Spanish Flea,Sérgio Mendes & Brasil '66,1966.0,2pryIzW17hFkcebKGWzDRR
Timeless,John Abercrombie,1974.0,3nTQL2ScjeyOxjqSmDoCCr
Samba De Orfeu,João Donato,1965.0,1xZJP3lavEcMYq1eva8cce
(You Caught Me) Smilin',Sly & the Family Stone,1971.0,2BydLQAh7CUIFvSEqAMc4x
Friday the 13th,The Gil Evans & the Monday Night Orchestra,1987.0,5eGWO4pktJi3VZdBvHn0nL
Interview,Gentle Giant,1976.0,1u9nZLT2BFdTgtWxmQq0Mg
Scented Wind,Fred Miller,1972.0,1AieZp5vImnCvbUapUyoFG
Do It ('Til You're Satisfied),B.T. Express,1974.0,4lnQfs7AmQm6dqCaNMDJLr
Hall of Mirrors,The Slipstream Group,1978.0,1X1DWw2pcNZ8zSub3uhlNz
Tarot Woman,Rainbow,1976.0,5NYjaAwqvdUWy44HKXEmyf
Fly Like an Eagle,Steve Miller Band,1976.0,3e0FzZjTXOUtiJGSClOBrI
Miles Behind,Clare Fischer,1968.0,53osVzzwherA2RxJpMmaWM
Electric Café,Kraftwerk,1986.0,2Fo50QYr3vRvdvqR7oMRz4
"Eyes of the Heart, Pt. 2",Keith Jarrett,1979.0,4FMI4Ln1LhyxGldkNXan5e
That's All Right With Me,Esther Phillips,1971.0,3gZ5OyEyBQCHRtH8QAnFRP
Sexual Healing,Marvin Gaye,1982.0,3VZmChrnVW8JK6ano4gSED
Warm Weather,Larry Coryell and Brian Keane,1983.0,63Ly2sEzloc9s0yAXlMi6r
America Eats Its Young,Funkadelic,1972.0,5WJU527RQNyMLuKecjsL8V
Mûlâdhâra: The Dance of Kundalini,Todd Rundgren,1975.0,3gHFKiDanj4d2rqgHlRFFc
Rock Steady,Aretha Franklin,1971.0,7rvGZDlfqCjY9EWEUg3Xs6
Maxx Axe,Roger,1981.0,4Y4oJLQoh9P1PiQBIGc9M8
Over the Breaks,J Dilla,2006.0,4ic8hlf4FkirjFpXJNBT3N
Can't You See,The Impressions,1970.0,1ru5R5iSawvuMELqKXxLjS
A Certain Kind,Soft Machine,1968.0,2CbtdkBeW9Znt4vXTOafAl
Blue Bossa,"Milt Jackson, Joe Pass and Ray Brown",1976.0,0F5vfGNwHXj0WKngicBulM
1984 (Part 1),Anthony Phillips,1981.0,4Z45MGF0QiNdMdSmoIfz57
The Steam Drill,Cannonball Adderley,1972.0,78c7LxsMjzP62X1gwpcdIH
Survival,Annette Peacock,1979.0,7eLfRfLELQ6s0NZX8hlX9M
Terra Incognita,Synergy,1978.0,6hykEQW67sL7g4oj0XgFZh
Right on Time,Maze Featuring Frankie Beverly,1983.0,6e9xnBJPs0y9omrSU3C3N4
Serenata Burlesca,Howard Roberts,1957.0,4bcMO5tXlqloqD2NHqqpeY
Incantations (Part IV),Mike Oldfield,1978.0,1ZJv5nYlHzXZvTx7AchAKg
Boogie Down (Bronx),Man Parrish feat. Freeze Force,1984.0,2CbgPrMwa0UWUdppsOIoTR
Happy Fingers,George Freeman,1974.0,2s2QQRJvpQOFS9s0jWp5lM
Soul Songs,V.O.S. Trio,1974.0,6crBVhm5d0JnAJhVHYkJTZ
Moody Magic,"Elvin Jones, James Moody, Clark Terry and Bunky Green",1977.0,4Q27I5G3W14hnYVi45oi2h
At Twilight,Attila Zoller,1970.0,29SiOLKUH3AD8HUE3hEqZH
The Star of a Story,Heatwave,1977.0,4ObtCddd94XbJcsF2RSgWu
طب وانا مالي (Tab Wana Mali),Warda,1973.0,0eH6w5pp0CCogVhq0t7cOL
Tiempos Felice (Happy Times),Gary Burton and Pat Metheny,1990.0,7zvK52N0uTuEpNBYEd2Xfm
Magician Moth,Roger Glover,1974.0,2oBwkFOc3uYA3nFhSCdy2p
Molly's Lament,Larry Coryell,1989.0,7F8p30SUoAOZeaOGFhNfpY
Listening to Mozart,Daniel Vangarde,1973.0,1pHgB58K3y7aXkDHz5kryW
Dierdre De Samba,John Hicks,1979.0,6RKZq8kiQUNAW9OHfu5TDQ
It's a Wonderful Life,Henry Kaiser,1984.0,2YYc99GXjgh4asvsf4Evn5
Epilog,Jack DeJohnette,1974.0,7Hz0oqBQQt32fcMioZXyzq
Get Together,Tony Allen,1999.0,75gmTY9q0aZ3RPmlcEhK0I
Not Available,Shuggie Otis,1974.0,3q8AgabNzK1mPJdI8egIcn
Love Potion-Cheeba-Cheeba,Mighty Tom Cats,1973.0,5u6gmrJaLVWj1wjhdT2REm
Facelift,Soft Machine,1970.0,1jnxRJSuS9QIfjRuzKOvIC
Down to the Moon,Andreas Vollenweider,1986.0,6dsBkD1XP9EswRcUN0pOqN
Theme From Jack Johnson,Miles Davis,1975.0,2aMcMyK2SQKyftU2ATfHLw
People You Can't Trust,Atomic Rooster,1972.0,5UqZDGclEuq7g3sgUFad0J
Never Gonna Come Down,Brian Auger's Oblivion Express,1977.0,4cOdK2wGLETKBW3PvgPWqT
Friendly Street,UPP,1975.0,3alOuerCJRcVLCOX7PMq4c
Daydream,Kenny Burrell,1984.0,6sjaBYmJVG7Xw82YHkDqRv
Leaving,Steve Hackett,1980.0,3R5oB4OkyzOacho3XOHAwa
Sweet Ophelia,Larry Weiss,1974.0,0OFuGDlPTUSfjbWGw2GLMi
Set It Out,Detroit Emeralds,1977.0,0fUCMjWiCq5vyoLNyf5IQf
Soil Festivities (Movement 1),Vangelis,1984.0,2Kt7NJxYjDJqlIKReTah23
Gypsy,Emmett Chapman,1985.0,1T0AeC1hslvvJvQGFeebiT
"Stop, Look, Listen",New Birth,1973.0,0oo36oKreIZOwYaOlj7KgB
Agua De Beber,Astrud Gilberto,1965.0,3QKJELWORZZ7rUZDWeMWSA
I'm a Woman,Shocking Blue,1969.0,4dUpahrg0TWSDQLf8YDipM
I Got the,Labi Siffre,1975.0,20VuO95A8RxUPlShnfYArW
All Day Saturday,John Murtaugh,1970.0,7sr74Bz3GBTNMQe1m4F5Ut
,Stevens & Grdnic,1979.0,2oQFYnb8Lal5tDvUsyCmwf
There Are No Words,Runt,1970.0,1m8UOoV8cZPnvV3AK2m7mI
Sunny Earth,Vangelis O. Papathanassiou,1973.0,2jc60rDLMrw2eq70rUZ8X1
Ange Des Orages,Philip Glass,1977.0,4qZh3yJ7tILlDD0Wmv7Ftj
Concerto in E Minor,Miroslav Vitous,1977.0,5w2uCEoO74E2cE4BwZsL9U
In Time,Sly & The Family Stone,1973.0,21SHzZ1qsXzJ5Socuuyo8w
She's Always in My Hair,Prince and The Revolution,1985.0,3C5H2ZeTRNYwRsEMlr0gMg
A Pale Smile,Eberhard Weber,1979.0,0AY78O264w7QphaWefvnQj
Promise of a Fisherman,Sérgio Mendes & Brasil '77,1972.0,05YDkLO5qTrJM3C8zow6Ua
Make the Move,Various Artists,1980.0,6pUUtKVRmODliJWTyY2pet
That's Why I Came To California,Leon Ware,1982.0,6jZXAOHmvseRsqxYCbexTJ
Send One Your Love,Stevie Wonder,1979.0,2eF8pWbiivYsYRpbntYsnc
Incantation,Bruce Haack,2000.0,4VkH1PSwDH5r87Gl5vqAOW
Doctor Love,First Choice,1977.0,0qaWEvPkts34WF68r8Dzx9
Steppin' Out,Joe Jackson,1982.0,2KY0QUeRY3IPuJI1gyU9BJ
Moon City,Absolute Elsewhere,1976.0,3eRKfT1c4Y19QG7dno62R1
In the Distance,George Duke,1979.0,1bBbMtI0cWyjHnMN88s1oP
"I've Never Seen Love Like This
Can't Find The Time To Tell You",Orpheus,1968.0,7KwJrAQMoJyUEBes3evMLv
Mujer Mia,Joe Bataan,1973.0,6uiqzXiQCvAvoeDcjbRbRC
Some Other Time,Keno Duke,1975.0,4LgRqskD0OohOTxfZRqV8E
Eyes of the Heart Pt 2,Keith Jarrett,1979.0,06MTRqGawdtB8zgr6Hvvvd
Montezuma's Revenge,Rick Wakeman,1977.0,3VOhXaou5TAnOIqb80kVlm
I'm Your Pal,The Gary Burton Quartet,1967.0,7FDhbzHunmwye3bx0VHDY5
The Poke,Brand X,1978.0,2pax9dTIxrcfLSWFD8YAGU
Radio,Gary Burton & Chick Corea,1979.0,6linlPbVWEecMEMfNcul1e
Snow Creatures,Quincy Jones,1972.0,5p3cA4ahRVzaehcp84hsiF
Dancing in the Dark,Dorothy Ashby With Frank Wess,1958.0,2KtGiBi5CrX2ERPD2PAS34
Like a Lover,Sérgio Mendes & Brasil '66,1968.0,5LstxrqYsHKpiFe3Y8sUEo
"Boa Palavra
Ponteio",Sérgio Mendes,1968.0,6YTBfxkdGce9pLEy9jG9Jo
"Never Had a Dream
Pain",Ohio Players,1972.0,3l07bnCelhP04T2TfcXcwd
"Funky Worm
Pride and Vanity",Ohio Players,1973.0,4UDgg6XL6hRkR7naHh6kze
Pack It Up,Ohio Players,1974.0,1hRDHWWealh2Pk3fnpIe75
Can't You See It's Me,Diana Ross & The Supremes,1969.0,4yChgYDVcQrAgIEIErW27b
All the Befores,Diana Ross,1971.0,3SnGymj6ijE2iuUfWxLo1q
Is This What Feeling Gets? (Dorothy's Theme),Various Artists,1978.0,2PWTZV5znjLtZC5T1EVJvL
Trans-Europe Express,Kraftwerk,1977.0,4aJulXrGlrQFi2cHLc6kSd
Are You All the Things,Bill Evans,1975.0,58yFroDNbzHpYzvicaC0de
Jam on It,Newcleus,1984.0,1lB2kyB5h9ceZ388GBfC9L
Gotta Have You,The Fatback Band,1973.0,1liJzPedFFxvszqG4UCl7G
King Tim III,The Fatback Band,1979.0,6nYsrPdgNbJIPzQLkasfm5
Jungle Boogie,Kool & The Gang,1973.0,3K0SJUQNbOkUprTFcwwAKN
Get Down on It,Kool & The Gang,1981.0,2je56j0xuoTi1gYkLLMlJU
Love from the Sun,Roy Ayers Ubiquity,1973.0,2kLAhyeljxwmzqDMrFpuZ0
Sweet Georgia Brown,The Singers Unlimited,1977.0,1ZbbcE2AUuwjYxxh28emcQ
Left & Right,D'Angelo,2000.0,4EQ0dK6Sg7v685NGrQvuki
Soldier in Our Town,Iron Butterfly,1970.0,4kfWmoE8knJtKYR3O9nI9J
Leo: Rosebud,Cannonball Adderley,1974.0,0X5DcGkbxCXSadgj01ZXd7
Experience in E,The Cannonball Adderley Quintet & Orchestra,1970.0,6NF8MZ2trxckVBr82pyyPt
Soul Virgo,Cannonball Adderley Quintet,1971.0,5CwvJwl2OJ1EKakiEV4u3e
Bumpin' Bus Stop,Thunder & Lightning,1975.0,1lkHaXezlWJshqGMM4guvZ
"Basketball Throwdown
Stoop Rap
Fantastic Freaks at the Dixie",Various Artists,1983.0,0TYq1cxJXPGGjO0bYHDH2L
"Space Intro
Fly Like an Eagle",Steve Miller Band,1976.0,3kLFfUPLDYOQxQLuy8acxo
Refractions in the Plastic Pulse,Stereolab,1997.0,6SaQj5bicILLF3c430kF4m
A Night on Bare Mountain,Tomita,1976.0,01rntacu6clKb9acYmmaWp
Aranjuez Adagio,Tomita,1978.0,0k6P9cdEA9K3k0ASde2Kof
Pumpin' It Up (Remix),George Clinton & P-Funk All-Stars,1983.0,3oyc1mIdCBGaU55wX7otqM
Flight of the Looking Glass,Synergy,1981.0,0gW6KLC4W6vChWUHucb69N
Upon This Rock,Joe Farrell,1974.0,0CF4ofOFyu05SLw3A78sX5
Naima,Pucho and His Latin Soul Brothers,1971.0,6hz2t2U98d8wbUj8ILrIKn
Halicte Gun Batisi,Moğollar,1973.0,34O420JpYalFVVbjSwEFTn
Nothing Will Ever Take Your Place,Boz Scaggs,1971.0,0nlZjTPzW6S9JIESuGfImT
"Love at Last
Audio Bongo",Monty Norman,1963.0,6MiBxeDrfBVisDUsCYJJR4
La Rotta,John Renbourn,1971.0,2a5Rgz0tcXZU5uH2xmWzBg
In the Lap of the Gods,Queen,1974.0,7ckS5mJaO4NHwF17MfyVA0
The Ring,Queen,1980.0,4ji2Gui5qCPakvQLMH3e1P
"Phase by Phase
Bicentennial Present",Peter Baumann,1976.0,0Lt8Uq2yeAxGDtvgjkMVOQ
Rubber Lucy,The Hollies,1974.0,5ABn6q3EEYNDGR26Qo90up
"A Very Smelly, Grubby Little Oik
Bobbing Wide",Caravan,1976.0,1HeDNroZZXxdRoru0uitkq
Ain't No Sunshine,Willis Jackson,1972.0,1k1Bqnv2R0uJXQN4u6LKYt
What's Going On,Les McCann,1973.0,3Um9toULmYFGCpvaIPFw7l
Flying Easy,Woody Herman,1969.0,28Ku0JK5FGK2tNdfI0rzXz
Yearning for Your Love,The Gap Band,1980.0,1kSxm4vU26W5xSUdnPUkyB
El Arriero,Gato Barbieri,2004.0,5c3j46CiZzJd6el5cEFRrX
Spinning Wheel,Howard Roberts,1969.0,0spSRHFS4zF4Imvz9sJcfL
Roadwork,Howard Roberts,1971.0,0S4Psy2c3i7HlN9VktcxLt
The Visit (She Was Here),The Cyrkle,1967.0,5dIcC2RTD2BOHTC1F0jrIN
The Jam,Graham Central Station,1975.0,1xXNrpcZ7UyKVWiI6GEc75
Goin' Through Changes,Feather [jazz],1980.0,0ZqWBTU1EkdVPAMwQgfKiv
Cissy Strut,The Meters,1969.0,0WSlOSMLJWoWUpWci9nnRb
Folknova,Towa Tei,1995.0,2quj0lAmQxytVLVR1LYQYV
Not Guilty,Aswad,1983.0,4wFR566qL1SnvzLXAl3PaM
1984,Anthony Phillips,1981.0,3bDtoQ4yTHITgymcprNlto
Psyché Rock,Pierre Henry,1967.0,7k9WnM4LOynHKtRxQvmcW1
I Wanna Stay,Love Unlimited Orchestra,1975.0,1235ZMqKQmnDkIuB89FOZm
Memory Band,Rotary Connection,1968.0,1FRdZFdPus9rlIogtGg2yW
Dance with Me,The Louis Hayes Group,1979.0,55rn9bs7vZBsEK4Y4URraH
"Out-Bloody-Rageous
Facelift",Soft Machine,1970.0,217OtUDWJLZOjV86zVucNq
Joy of a Toy,The Soft Machine,1968.0,2mtc4jXbgV3nm8UPN2O7sk
"Talybont
Free Hand",Gentle Giant,1975.0,54mXbm9QBXdaO8sPqVmd5L
Solstice,Brian Bennett,1978.0,6zaXiO68HYdJZY8skqLjSG
Leaves,Pete Jolly,1970.0,4nmGUWkn6ZL9pMmd5eKo6l
Come with Me,Cheri,1982.0,20knH2CFE0me7lUYfAa4BX
Hot Caramel,The Peppers,1974.0,1ld4mTWlY1bM4X7dXn2dcn
Asiko,Tony Allen,1999.0,64zMGjB84MdfYbNs2RxwBC
S.U.S.,Placebo,1974.0,6m3T4RHAMaSIKUDsxko43y
Bolkwush,Placebo,1973.0,2JO2yRUam1GnnywK1Pozop
Humpty Dumpty,Placebo,1971.0,6Pay1MRTDwHol3hrnZ3vti
Synthetic Substitution,Melvin Bliss,1973.0,4SJTFnmmfxotIdw2psMeDp
E=MC²,Giorgio,1979.0,None
Don't Say Goodnight,The Isley Brothers,1980.0,02dGwHk2iMUTqvByaxqZSn
Mask,Vangelis,1985.0,3IxMaULfjq4IT2IN6v54PB
The Changing World,George Benson,1974.0,62GYoGszQfROZswLee6W3O
Equipoise,Stanley Cowell,1974.0,0fZQHYizQZ3aj5xfNMi4BI
Light/Sun,Jan Hammer,1975.0,4xXTGXt6Y93QE7WoxiBWBX
Nothing's the Same,Banco,1975.0,7vRia9rlEuTDQxkfXIKySi
The Horns of Rohan,Bo Hansson,1972.0,6nNRqkUf1mAmCrvEkQxVXO
Tight Rope,"Walter ""Junie"" Morrison",1975.0,2Z3EEql0jVgA5jehoWYT7P
Sugar,Rahsaan Roland Kirk,1977.0,1EVl0MvpL3S1Kw04XR7OcL
